time,Direction [deg],Gusts [m/s],Speed [m/s]
2019-02-13 14:54:00+00:00,114.0,4.0,3.2
2019-02-13 15:00:00+00:00,108.0,3.8,3.2
2019-02-13 15:06:00+00:00,113.0,3.6,3.2
2019-02-13 15:12:00+00:00,122.0,3.5,3.1
2019-02-13 15:18:00+00:00,122.0,3.4,3.0
2019-02-13 15:24:00+00:00,113.0,3.4,2.8
2019-02-13 15:30:00+00:00,117.0,2.9,2.1
2019-02-13 15:36:00+00:00,115.0,2.7,2.4
2019-02-13 15:42:00+00:00,118.0,2.5,2.2
2019-02-13 15:48:00+00:00,116.0,2.3,2.0
2019-02-13 15:54:00+00:00,119.0,2.0,1.3
2019-02-13 16:00:00+00:00,118.0,2.2,1.8
2019-02-13 16:06:00+00:00,127.0,2.3,2.0
2019-02-13 16:12:00+00:00,129.0,2.5,2.4
2019-02-13 16:18:00+00:00,127.0,2.8,2.0
2019-02-13 16:24:00+00:00,133.0,2.4,2.1
2019-02-13 16:30:00+00:00,146.0,2.1,1.6
2019-02-13 16:36:00+00:00,152.0,2.0,1.3
2019-02-13 16:42:00+00:00,165.0,1.3,1.1
2019-02-13 16:48:00+00:00,189.0,1.2,1.0
2019-02-13 16:54:00+00:00,187.0,1.9,1.4
2019-02-13 17:00:00+00:00,187.0,1.8,1.3
2019-02-13 17:06:00+00:00,188.0,1.6,1.5
2019-02-13 17:12:00+00:00,194.0,1.6,1.1
2019-02-13 17:18:00+00:00,183.0,1.3,0.6
2019-02-13 17:24:00+00:00,163.0,0.8,0.0
2019-02-13 17:30:00+00:00,116.0,0.3,0.1
2019-02-13 17:36:00+00:00,90.0,0.6,0.1
2019-02-13 17:42:00+00:00,53.0,1.8,1.3
2019-02-13 17:48:00+00:00,83.0,2.0,1.8
2019-02-13 17:54:00+00:00,92.0,2.1,1.3
2019-02-13 18:00:00+00:00,94.0,1.9,1.1
2019-02-13 18:06:00+00:00,84.0,2.4,2.2
2019-02-13 18:12:00+00:00,98.0,2.4,1.9
2019-02-13 18:18:00+00:00,101.0,2.5,1.9
2019-02-13 18:24:00+00:00,91.0,2.7,2.3
2019-02-13 18:30:00+00:00,103.0,2.9,2.4
2019-02-13 18:36:00+00:00,106.0,2.7,1.1
2019-02-13 18:42:00+00:00,96.0,2.1,1.7
2019-02-13 18:48:00+00:00,89.0,1.9,1.5
2019-02-13 18:54:00+00:00,112.0,2.1,1.5
2019-02-13 19:00:00+00:00,122.0,2.1,1.7
2019-02-13 19:06:00+00:00,110.0,2.4,1.9
2019-02-13 19:12:00+00:00,115.0,2.9,2.3
2019-02-13 19:18:00+00:00,103.0,3.2,2.5
2019-02-13 19:24:00+00:00,109.0,2.8,2.2
2019-02-13 19:30:00+00:00,108.0,3.0,2.3
2019-02-13 19:36:00+00:00,97.0,3.1,2.2
2019-02-13 19:42:00+00:00,85.0,3.0,1.8
2019-02-13 19:48:00+00:00,89.0,2.6,1.8
2019-02-13 19:54:00+00:00,86.0,2.1,1.3
2019-02-13 20:00:00+00:00,58.0,2.6,1.7
2019-02-13 20:06:00+00:00,47.0,2.3,1.7
2019-02-13 20:12:00+00:00,51.0,2.9,2.4
2019-02-13 20:18:00+00:00,73.0,3.7,3.1
2019-02-13 20:24:00+00:00,81.0,4.5,3.7
2019-02-13 20:30:00+00:00,91.0,4.6,3.0
2019-02-13 20:36:00+00:00,85.0,4.6,3.4
2019-02-13 20:42:00+00:00,83.0,4.9,3.9
2019-02-13 20:48:00+00:00,81.0,4.7,3.1
2019-02-13 20:54:00+00:00,93.0,5.0,2.6
2019-02-13 21:00:00+00:00,79.0,4.4,3.9
2019-02-13 21:06:00+00:00,85.0,4.7,3.1
2019-02-13 21:12:00+00:00,91.0,4.7,3.3
2019-02-13 21:18:00+00:00,92.0,4.6,3.4
2019-02-13 21:24:00+00:00,91.0,4.1,2.7
2019-02-13 21:30:00+00:00,84.0,4.0,3.3
2019-02-13 21:36:00+00:00,79.0,4.2,3.0
2019-02-13 21:42:00+00:00,59.0,4.1,3.4
2019-02-13 21:48:00+00:00,72.0,3.9,3.3
2019-02-13 21:54:00+00:00,82.0,3.9,2.7
2019-02-13 22:00:00+00:00,75.0,4.0,2.9
2019-02-13 22:06:00+00:00,62.0,3.9,3.0
2019-02-13 22:12:00+00:00,75.0,4.6,3.4
2019-02-13 22:18:00+00:00,80.0,5.4,4.1
2019-02-13 22:24:00+00:00,85.0,5.0,3.4
2019-02-13 22:30:00+00:00,85.0,5.4,4.1
2019-02-13 22:36:00+00:00,90.0,5.6,4.2
2019-02-13 22:42:00+00:00,89.0,5.6,4.1
2019-02-13 22:48:00+00:00,88.0,6.6,4.3
2019-02-13 22:54:00+00:00,97.0,6.3,4.1
2019-02-13 23:00:00+00:00,89.0,6.6,5.2
2019-02-13 23:06:00+00:00,86.0,6.4,5.4
2019-02-13 23:12:00+00:00,90.0,6.0,4.2
2019-02-13 23:18:00+00:00,87.0,6.2,4.6
2019-02-13 23:24:00+00:00,94.0,6.4,4.8
2019-02-13 23:30:00+00:00,89.0,7.3,5.4
2019-02-13 23:36:00+00:00,83.0,7.1,5.6
2019-02-13 23:42:00+00:00,87.0,7.1,5.3
2019-02-13 23:48:00+00:00,84.0,6.9,6.2
2019-02-13 23:54:00+00:00,89.0,6.8,5.6
2019-02-14 00:00:00+00:00,91.0,7.2,6.2
2019-02-14 00:06:00+00:00,88.0,8.5,7.2
2019-02-14 00:12:00+00:00,97.0,7.7,5.4
2019-02-14 00:18:00+00:00,94.0,7.1,6.0
2019-02-14 00:24:00+00:00,92.0,7.8,6.0
2019-02-14 00:30:00+00:00,95.0,7.3,6.0
2019-02-14 00:36:00+00:00,91.0,7.3,6.0
2019-02-14 00:42:00+00:00,89.0,6.7,5.6
2019-02-14 00:48:00+00:00,94.0,7.8,6.1
2019-02-14 00:54:00+00:00,92.0,7.7,6.4
2019-02-14 01:00:00+00:00,93.0,8.1,6.9
2019-02-14 01:06:00+00:00,91.0,10.0,8.6
2019-02-14 01:12:00+00:00,97.0,10.3,8.1
2019-02-14 01:18:00+00:00,99.0,10.0,8.8
2019-02-14 01:24:00+00:00,101.0,9.1,7.5
2019-02-14 01:30:00+00:00,99.0,9.9,8.2
2019-02-14 01:36:00+00:00,98.0,8.7,7.3
2019-02-14 01:42:00+00:00,100.0,9.5,7.2
2019-02-14 01:48:00+00:00,100.0,10.2,7.9
2019-02-14 01:54:00+00:00,100.0,10.0,8.9
2019-02-14 02:00:00+00:00,98.0,9.6,6.8
2019-02-14 02:06:00+00:00,98.0,8.7,8.0
2019-02-14 02:12:00+00:00,99.0,8.6,7.6
2019-02-14 02:18:00+00:00,99.0,8.4,6.8
2019-02-14 02:24:00+00:00,99.0,8.4,6.8
2019-02-14 02:30:00+00:00,97.0,8.5,6.7
2019-02-14 02:36:00+00:00,96.0,9.0,6.9
2019-02-14 02:42:00+00:00,91.0,9.9,7.8
2019-02-14 02:48:00+00:00,96.0,10.2,7.8
2019-02-14 02:54:00+00:00,96.0,9.9,7.6
2019-02-14 03:00:00+00:00,93.0,11.8,9.3
2019-02-14 03:06:00+00:00,95.0,12.2,9.5
2019-02-14 03:12:00+00:00,99.0,12.0,9.1
2019-02-14 03:18:00+00:00,98.0,11.9,9.3
2019-02-14 03:24:00+00:00,99.0,11.7,9.0
2019-02-14 03:30:00+00:00,102.0,11.1,9.9
2019-02-14 03:36:00+00:00,99.0,11.3,7.9
2019-02-14 03:42:00+00:00,100.0,10.8,10.0
2019-02-14 03:48:00+00:00,100.0,11.7,9.1
2019-02-14 03:54:00+00:00,98.0,11.1,8.8
2019-02-14 04:00:00+00:00,97.0,10.4,8.8
2019-02-14 04:06:00+00:00,99.0,11.0,8.4
2019-02-14 04:12:00+00:00,99.0,11.7,9.3
2019-02-14 04:18:00+00:00,97.0,10.5,8.0
2019-02-14 04:24:00+00:00,99.0,11.9,8.2
2019-02-14 04:30:00+00:00,98.0,11.4,8.8
2019-02-14 04:36:00+00:00,99.0,10.9,8.0
2019-02-14 04:42:00+00:00,99.0,12.0,9.2
2019-02-14 04:48:00+00:00,100.0,12.8,10.5
2019-02-14 04:54:00+00:00,99.0,11.6,8.0
2019-02-14 05:00:00+00:00,101.0,12.4,9.9
2019-02-14 05:06:00+00:00,103.0,11.3,8.9
2019-02-14 05:12:00+00:00,99.0,11.8,9.7
2019-02-14 05:18:00+00:00,99.0,13.3,10.0
2019-02-14 05:24:00+00:00,100.0,13.0,10.2
2019-02-14 05:30:00+00:00,100.0,13.5,11.1
2019-02-14 05:36:00+00:00,98.0,13.5,10.1
2019-02-14 05:42:00+00:00,100.0,13.1,10.1
2019-02-14 05:48:00+00:00,100.0,12.7,10.2
2019-02-14 05:54:00+00:00,100.0,12.5,8.8
2019-02-14 06:00:00+00:00,100.0,12.4,10.2
2019-02-14 06:06:00+00:00,101.0,11.6,8.5
2019-02-14 06:12:00+00:00,101.0,11.3,8.5
2019-02-14 06:18:00+00:00,100.0,10.7,8.6
2019-02-14 06:24:00+00:00,101.0,10.6,8.5
2019-02-14 06:30:00+00:00,103.0,10.5,7.9
2019-02-14 06:36:00+00:00,105.0,11.0,8.9
2019-02-14 06:42:00+00:00,102.0,9.9,7.7
2019-02-14 06:48:00+00:00,104.0,9.7,6.6
2019-02-14 06:54:00+00:00,102.0,8.9,6.7
2019-02-14 07:00:00+00:00,102.0,11.1,8.7
2019-02-14 07:06:00+00:00,102.0,11.3,8.6
2019-02-14 07:12:00+00:00,104.0,10.9,9.0
2019-02-14 07:18:00+00:00,105.0,10.8,8.3
2019-02-14 07:24:00+00:00,104.0,11.4,7.3
2019-02-14 07:30:00+00:00,101.0,11.5,8.6
2019-02-14 07:36:00+00:00,104.0,11.6,8.2
2019-02-14 07:42:00+00:00,99.0,11.4,9.2
2019-02-14 07:48:00+00:00,105.0,11.1,8.5
2019-02-14 07:54:00+00:00,105.0,11.4,8.6
2019-02-14 08:00:00+00:00,106.0,11.4,8.4
2019-02-14 08:06:00+00:00,105.0,9.9,6.4
2019-02-14 08:12:00+00:00,104.0,9.3,6.5
2019-02-14 08:18:00+00:00,107.0,8.6,6.4
2019-02-14 08:24:00+00:00,105.0,9.0,6.2
2019-02-14 08:30:00+00:00,98.0,8.1,6.4
2019-02-14 08:36:00+00:00,101.0,9.6,7.3
2019-02-14 08:42:00+00:00,102.0,10.9,8.1
2019-02-14 08:48:00+00:00,101.0,10.1,8.4
2019-02-14 08:54:00+00:00,99.0,11.7,10.0
2019-02-14 09:00:00+00:00,101.0,10.7,8.9
2019-02-14 09:06:00+00:00,100.0,12.0,8.9
2019-02-14 09:12:00+00:00,102.0,10.9,8.9
2019-02-14 09:18:00+00:00,102.0,11.2,9.6
2019-02-14 09:24:00+00:00,100.0,12.6,10.6
2019-02-14 09:30:00+00:00,100.0,12.4,9.4
2019-02-14 09:36:00+00:00,99.0,13.4,11.4
2019-02-14 09:42:00+00:00,100.0,13.4,10.6
2019-02-14 09:48:00+00:00,101.0,14.6,11.0
2019-02-14 09:54:00+00:00,101.0,14.4,11.8
2019-02-14 10:00:00+00:00,101.0,14.1,11.5
2019-02-14 10:06:00+00:00,99.0,15.0,13.1
2019-02-14 10:12:00+00:00,100.0,14.1,11.2
2019-02-14 10:18:00+00:00,101.0,13.3,10.7
2019-02-14 10:24:00+00:00,101.0,13.6,10.8
2019-02-14 10:30:00+00:00,103.0,13.2,8.6
2019-02-14 10:36:00+00:00,102.0,12.9,9.0
2019-02-14 10:42:00+00:00,103.0,11.4,9.7
2019-02-14 10:48:00+00:00,100.0,11.8,10.0
2019-02-14 10:54:00+00:00,100.0,10.7,8.2
2019-02-14 11:00:00+00:00,104.0,12.3,9.4
2019-02-14 11:06:00+00:00,106.0,12.5,9.1
2019-02-14 11:12:00+00:00,104.0,12.0,10.4
2019-02-14 11:18:00+00:00,104.0,12.8,8.9
2019-02-14 11:24:00+00:00,103.0,12.2,9.3
2019-02-14 11:30:00+00:00,104.0,10.9,7.9
2019-02-14 11:36:00+00:00,99.0,11.5,9.3
2019-02-14 11:42:00+00:00,102.0,10.1,8.0
2019-02-14 11:48:00+00:00,106.0,10.4,7.1
2019-02-14 11:54:00+00:00,104.0,10.4,7.5
2019-02-14 12:00:00+00:00,104.0,11.0,9.3
2019-02-14 12:06:00+00:00,106.0,11.1,8.5
2019-02-14 12:12:00+00:00,104.0,11.5,9.6
2019-02-14 12:18:00+00:00,106.0,10.2,8.4
2019-02-14 12:24:00+00:00,104.0,11.7,9.0
2019-02-14 12:30:00+00:00,102.0,11.2,9.0
2019-02-14 12:36:00+00:00,104.0,11.1,9.3
2019-02-14 12:42:00+00:00,102.0,10.8,9.3
2019-02-14 12:48:00+00:00,102.0,11.5,8.8
2019-02-14 12:54:00+00:00,101.0,12.4,8.7
2019-02-14 13:00:00+00:00,101.0,11.5,9.7
2019-02-14 13:06:00+00:00,100.0,10.8,9.1
2019-02-14 13:12:00+00:00,102.0,11.2,8.1
2019-02-14 13:18:00+00:00,104.0,10.1,7.2
2019-02-14 13:24:00+00:00,102.0,12.1,8.4
2019-02-14 13:30:00+00:00,101.0,11.7,9.2
2019-02-14 13:36:00+00:00,101.0,13.1,10.3
2019-02-14 13:42:00+00:00,100.0,13.2,11.6
2019-02-14 13:48:00+00:00,99.0,13.4,9.9
2019-02-14 13:54:00+00:00,102.0,13.6,9.2
2019-02-14 14:00:00+00:00,101.0,11.6,8.4
2019-02-14 14:06:00+00:00,104.0,11.6,9.6
2019-02-14 14:12:00+00:00,105.0,10.9,8.6
2019-02-14 14:18:00+00:00,107.0,10.8,7.0
2019-02-14 14:24:00+00:00,105.0,12.0,8.0
2019-02-14 14:30:00+00:00,105.0,10.8,7.3
2019-02-14 14:36:00+00:00,110.0,11.5,7.4
2019-02-14 14:42:00+00:00,105.0,12.7,10.0
2019-02-14 14:48:00+00:00,106.0,11.8,8.9
2019-02-14 14:54:00+00:00,108.0,11.9,7.6
2019-02-14 15:00:00+00:00,109.0,10.5,8.1
2019-02-14 15:06:00+00:00,108.0,10.1,7.5
2019-02-14 15:12:00+00:00,108.0,10.8,7.2
2019-02-14 15:18:00+00:00,109.0,9.5,6.9
2019-02-14 15:24:00+00:00,107.0,11.7,8.3
2019-02-14 15:30:00+00:00,107.0,12.2,8.5
2019-02-14 15:36:00+00:00,104.0,13.3,10.5
2019-02-14 15:42:00+00:00,106.0,13.1,9.4
2019-02-14 15:48:00+00:00,104.0,12.6,10.2
2019-02-14 15:54:00+00:00,103.0,12.6,9.5
2019-02-14 16:00:00+00:00,102.0,12.6,8.6
2019-02-14 16:06:00+00:00,102.0,12.2,9.2
2019-02-14 16:12:00+00:00,103.0,11.4,8.6
2019-02-14 16:18:00+00:00,104.0,10.8,9.3
2019-02-14 16:24:00+00:00,100.0,11.4,9.6
2019-02-14 16:30:00+00:00,101.0,12.2,9.4
2019-02-14 16:36:00+00:00,101.0,13.1,10.4
2019-02-14 16:42:00+00:00,100.0,13.8,9.9
2019-02-14 16:48:00+00:00,102.0,12.2,8.9
2019-02-14 16:54:00+00:00,102.0,12.5,10.0
2019-02-14 17:00:00+00:00,102.0,15.0,10.2
2019-02-14 17:06:00+00:00,101.0,13.7,9.4
2019-02-14 17:12:00+00:00,102.0,13.5,11.0
2019-02-14 17:18:00+00:00,100.0,14.2,11.9
2019-02-14 17:24:00+00:00,100.0,14.5,11.1
2019-02-14 17:30:00+00:00,101.0,15.1,10.7
2019-02-14 17:36:00+00:00,100.0,14.5,11.6
2019-02-14 17:42:00+00:00,100.0,13.8,11.2
2019-02-14 17:48:00+00:00,99.0,13.7,11.0
2019-02-14 17:54:00+00:00,100.0,13.1,10.4
2019-02-14 18:00:00+00:00,99.0,13.5,11.1
2019-02-14 18:06:00+00:00,99.0,12.7,10.7
2019-02-14 18:12:00+00:00,100.0,12.5,10.2
2019-02-14 18:18:00+00:00,101.0,13.8,11.1
2019-02-14 18:24:00+00:00,102.0,13.7,10.9
2019-02-14 18:30:00+00:00,101.0,12.7,10.8
2019-02-14 18:36:00+00:00,102.0,12.4,8.9
2019-02-14 18:42:00+00:00,100.0,12.4,10.1
2019-02-14 18:48:00+00:00,99.0,13.0,10.7
2019-02-14 18:54:00+00:00,101.0,13.6,10.4
2019-02-14 19:00:00+00:00,99.0,14.1,10.6
2019-02-14 19:06:00+00:00,98.0,13.4,9.8
2019-02-14 19:12:00+00:00,98.0,12.6,8.5
2019-02-14 19:18:00+00:00,101.0,12.5,9.2
2019-02-14 19:24:00+00:00,99.0,12.0,9.4
2019-02-14 19:30:00+00:00,103.0,13.1,9.4
2019-02-14 19:36:00+00:00,102.0,12.6,9.9
2019-02-14 19:42:00+00:00,99.0,13.2,11.4
2019-02-14 19:48:00+00:00,104.0,13.6,10.9
2019-02-14 19:54:00+00:00,106.0,13.4,10.7
2019-02-14 20:00:00+00:00,104.0,12.6,10.0
2019-02-14 20:06:00+00:00,105.0,13.0,9.3
2019-02-14 20:12:00+00:00,104.0,11.9,9.3
2019-02-14 20:18:00+00:00,105.0,12.9,8.9
2019-02-14 20:24:00+00:00,110.0,10.5,7.6
2019-02-14 20:30:00+00:00,108.0,11.4,8.7
2019-02-14 20:36:00+00:00,112.0,10.4,6.7
2019-02-14 20:42:00+00:00,109.0,10.3,6.4
2019-02-14 20:48:00+00:00,107.0,10.2,8.0
2019-02-14 20:54:00+00:00,107.0,9.6,7.3
2019-02-14 21:00:00+00:00,111.0,9.2,6.5
2019-02-14 21:06:00+00:00,108.0,10.1,6.9
2019-02-14 21:12:00+00:00,108.0,10.3,8.0
2019-02-14 21:18:00+00:00,106.0,11.6,9.0
2019-02-14 21:24:00+00:00,106.0,11.9,9.3
2019-02-14 21:30:00+00:00,108.0,11.0,8.3
2019-02-14 21:36:00+00:00,108.0,11.1,8.5
2019-02-14 21:42:00+00:00,106.0,10.7,8.6
2019-02-14 21:48:00+00:00,104.0,10.8,9.1
2019-02-14 21:54:00+00:00,102.0,11.2,8.9
2019-02-14 22:00:00+00:00,102.0,11.0,8.8
2019-02-14 22:06:00+00:00,103.0,10.1,8.4
2019-02-14 22:12:00+00:00,102.0,10.4,8.0
2019-02-14 22:18:00+00:00,102.0,9.4,6.9
2019-02-14 22:24:00+00:00,109.0,8.7,6.5
2019-02-14 22:30:00+00:00,109.0,8.5,5.8
2019-02-14 22:36:00+00:00,105.0,8.6,6.6
2019-02-14 22:42:00+00:00,112.0,7.4,5.5
2019-02-14 22:48:00+00:00,109.0,7.5,5.7
2019-02-14 22:54:00+00:00,103.0,8.6,6.9
2019-02-14 23:00:00+00:00,103.0,8.1,6.8
2019-02-14 23:06:00+00:00,105.0,7.8,6.6
2019-02-14 23:12:00+00:00,110.0,7.6,5.4
2019-02-14 23:18:00+00:00,120.0,6.5,4.2
2019-02-14 23:24:00+00:00,116.0,6.4,4.9
2019-02-14 23:30:00+00:00,110.0,7.5,6.4
2019-02-14 23:36:00+00:00,113.0,6.0,4.8
2019-02-14 23:42:00+00:00,111.0,6.1,4.2
2019-02-14 23:48:00+00:00,115.0,5.4,4.5
2019-02-14 23:54:00+00:00,115.0,5.4,4.0
2019-02-15 00:00:00+00:00,114.0,5.5,4.5
2019-02-15 00:06:00+00:00,117.0,6.5,4.0
2019-02-15 00:12:00+00:00,115.0,6.1,4.5
2019-02-15 00:18:00+00:00,111.0,6.4,5.0
2019-02-15 00:24:00+00:00,113.0,6.7,4.9
2019-02-15 00:30:00+00:00,113.0,6.4,4.6
2019-02-15 00:36:00+00:00,109.0,6.4,5.1
2019-02-15 00:42:00+00:00,113.0,6.4,5.2
2019-02-15 00:48:00+00:00,128.0,6.9,4.7
2019-02-15 00:54:00+00:00,147.0,6.4,3.8
2019-02-15 01:00:00+00:00,235.0,9.6,7.3
2019-02-15 01:06:00+00:00,235.0,10.6,8.1
2019-02-15 01:12:00+00:00,238.0,11.9,10.3
2019-02-15 01:18:00+00:00,233.0,12.7,11.1
2019-02-15 01:24:00+00:00,233.0,12.2,10.1
2019-02-15 01:30:00+00:00,235.0,12.1,10.2
2019-02-15 01:36:00+00:00,232.0,12.7,10.0
2019-02-15 01:42:00+00:00,231.0,13.7,10.5
2019-02-15 01:48:00+00:00,231.0,14.1,10.2
2019-02-15 01:54:00+00:00,228.0,13.3,9.2
2019-02-15 02:00:00+00:00,222.0,12.0,8.9
2019-02-15 02:06:00+00:00,222.0,12.1,9.0
2019-02-15 02:12:00+00:00,227.0,12.8,8.4
2019-02-15 02:18:00+00:00,224.0,11.0,8.3
2019-02-15 02:24:00+00:00,219.0,10.2,8.5
2019-02-15 02:30:00+00:00,219.0,11.6,9.1
2019-02-15 02:36:00+00:00,212.0,9.7,7.0
2019-02-15 02:42:00+00:00,217.0,10.0,8.2
2019-02-15 02:48:00+00:00,222.0,9.5,7.6
2019-02-15 02:54:00+00:00,212.0,9.4,7.7
2019-02-15 03:00:00+00:00,215.0,9.4,6.5
2019-02-15 03:06:00+00:00,211.0,9.7,6.3
2019-02-15 03:12:00+00:00,206.0,9.6,7.3
2019-02-15 03:18:00+00:00,199.0,9.7,5.5
2019-02-15 03:24:00+00:00,198.0,9.7,6.4
2019-02-15 03:30:00+00:00,191.0,8.7,5.6
2019-02-15 03:36:00+00:00,200.0,8.4,6.5
2019-02-15 03:42:00+00:00,197.0,9.1,5.3
2019-02-15 03:48:00+00:00,193.0,8.0,5.6
2019-02-15 03:54:00+00:00,172.0,8.0,3.2
2019-02-15 04:00:00+00:00,174.0,6.2,3.7
2019-02-15 04:06:00+00:00,155.0,4.8,3.3
2019-02-15 04:12:00+00:00,151.0,4.5,2.9
2019-02-15 04:18:00+00:00,144.0,4.7,3.3
2019-02-15 04:24:00+00:00,144.0,5.6,4.1
2019-02-15 04:30:00+00:00,143.0,6.0,4.8
2019-02-15 04:36:00+00:00,148.0,5.6,3.9
2019-02-15 04:42:00+00:00,145.0,6.2,3.5
2019-02-15 04:48:00+00:00,148.0,5.6,3.7
2019-02-15 04:54:00+00:00,148.0,5.5,3.8
2019-02-15 05:00:00+00:00,150.0,6.1,4.4
2019-02-15 05:06:00+00:00,142.0,5.6,4.1
2019-02-15 05:12:00+00:00,135.0,6.0,4.3
2019-02-15 05:18:00+00:00,132.0,6.1,4.9
2019-02-15 05:24:00+00:00,133.0,5.8,4.5
2019-02-15 05:30:00+00:00,135.0,6.2,4.2
2019-02-15 05:36:00+00:00,134.0,6.1,4.7
2019-02-15 05:42:00+00:00,135.0,5.6,4.3
2019-02-15 05:48:00+00:00,132.0,6.1,4.5
2019-02-15 05:54:00+00:00,131.0,6.1,4.4
2019-02-15 06:00:00+00:00,130.0,5.7,4.3
2019-02-15 06:06:00+00:00,108.0,4.9,4.2
2019-02-15 06:12:00+00:00,106.0,6.0,5.1
2019-02-15 06:18:00+00:00,118.0,6.0,4.7
2019-02-15 06:24:00+00:00,115.0,5.6,4.7
2019-02-15 06:30:00+00:00,114.0,5.5,4.8
2019-02-15 06:36:00+00:00,108.0,5.7,4.9
2019-02-15 06:42:00+00:00,104.0,6.1,5.2
2019-02-15 06:48:00+00:00,107.0,6.5,5.5
2019-02-15 06:54:00+00:00,109.0,6.5,5.0
2019-02-15 07:00:00+00:00,111.0,5.8,4.8
2019-02-15 07:06:00+00:00,107.0,5.8,5.0
2019-02-15 07:12:00+00:00,102.0,5.9,5.3
2019-02-15 07:18:00+00:00,101.0,6.0,5.2
2019-02-15 07:24:00+00:00,101.0,6.3,5.6
2019-02-15 07:30:00+00:00,106.0,6.3,5.2
2019-02-15 07:36:00+00:00,114.0,6.8,4.8
2019-02-15 07:42:00+00:00,120.0,5.8,4.6
2019-02-15 07:48:00+00:00,109.0,5.9,4.5
2019-02-15 07:54:00+00:00,106.0,6.1,5.1
2019-02-15 08:00:00+00:00,110.0,6.4,5.1
2019-02-15 08:06:00+00:00,108.0,6.2,4.8
2019-02-15 08:12:00+00:00,109.0,6.0,4.6
2019-02-15 08:18:00+00:00,110.0,6.4,4.8
2019-02-15 08:24:00+00:00,114.0,6.2,4.7
2019-02-15 08:30:00+00:00,113.0,6.2,4.7
2019-02-15 08:36:00+00:00,116.0,6.4,5.1
2019-02-15 08:42:00+00:00,115.0,6.3,4.8
2019-02-15 08:48:00+00:00,115.0,5.8,4.5
2019-02-15 08:54:00+00:00,117.0,6.0,4.7
2019-02-15 09:00:00+00:00,121.0,6.3,4.4
2019-02-15 09:06:00+00:00,121.0,5.5,3.9
2019-02-15 09:12:00+00:00,117.0,5.2,4.1
2019-02-15 09:18:00+00:00,116.0,5.5,4.4
2019-02-15 09:24:00+00:00,115.0,5.8,4.6
2019-02-15 09:30:00+00:00,121.0,5.3,4.3
2019-02-15 09:36:00+00:00,138.0,4.9,3.8
2019-02-15 09:42:00+00:00,141.0,5.8,4.1
2019-02-15 09:48:00+00:00,139.0,7.2,4.4
2019-02-15 09:54:00+00:00,137.0,7.2,5.1
2019-02-15 10:00:00+00:00,139.0,6.2,4.7
2019-02-15 10:06:00+00:00,141.0,7.3,5.4
2019-02-15 10:12:00+00:00,141.0,8.5,5.8
2019-02-15 10:18:00+00:00,149.0,9.5,6.8
2019-02-15 10:24:00+00:00,151.0,10.8,6.1
2019-02-15 10:30:00+00:00,153.0,9.9,5.9
2019-02-15 10:36:00+00:00,158.0,8.1,5.4
2019-02-15 10:42:00+00:00,160.0,9.7,5.5
2019-02-15 10:48:00+00:00,163.0,9.0,5.0
2019-02-15 10:54:00+00:00,169.0,7.6,3.8
2019-02-15 11:00:00+00:00,162.0,6.3,5.0
2019-02-15 11:06:00+00:00,167.0,8.2,5.6
2019-02-15 11:12:00+00:00,177.0,7.9,5.2
2019-02-15 11:18:00+00:00,165.0,8.1,5.2
2019-02-15 11:24:00+00:00,157.0,6.7,4.8
2019-02-15 11:30:00+00:00,156.0,7.7,5.4
2019-02-15 11:36:00+00:00,162.0,8.0,5.4
2019-02-15 11:42:00+00:00,154.0,6.5,4.2
2019-02-15 11:48:00+00:00,166.0,6.3,4.1
2019-02-15 11:54:00+00:00,165.0,7.5,4.4
2019-02-15 12:00:00+00:00,166.0,7.0,4.0
2019-02-15 12:06:00+00:00,173.0,4.8,2.7
2019-02-15 12:12:00+00:00,154.0,4.2,2.8
2019-02-15 12:18:00+00:00,172.0,6.2,4.3
2019-02-15 12:24:00+00:00,160.0,6.0,4.0
2019-02-15 12:30:00+00:00,153.0,6.3,4.2
2019-02-15 12:36:00+00:00,155.0,8.6,4.7
2019-02-15 12:42:00+00:00,151.0,8.2,5.1
2019-02-15 12:48:00+00:00,160.0,6.8,5.1
2019-02-15 12:54:00+00:00,167.0,7.3,5.3
2019-02-15 13:00:00+00:00,161.0,8.5,6.0
2019-02-15 13:06:00+00:00,159.0,9.9,7.2
2019-02-15 13:12:00+00:00,157.0,9.0,6.5
2019-02-15 13:18:00+00:00,160.0,7.8,5.4
2019-02-15 13:24:00+00:00,156.0,8.1,5.5
2019-02-15 13:30:00+00:00,149.0,7.1,5.5
2019-02-15 13:36:00+00:00,148.0,7.7,4.9
2019-02-15 13:42:00+00:00,143.0,5.3,4.3
2019-02-15 13:48:00+00:00,144.0,5.1,3.6
2019-02-15 13:54:00+00:00,141.0,5.7,3.9
2019-02-15 14:00:00+00:00,129.0,6.0,4.9
2019-02-15 14:06:00+00:00,130.0,6.2,4.5
2019-02-15 14:12:00+00:00,144.0,6.0,4.4
2019-02-15 14:18:00+00:00,143.0,6.0,4.4
2019-02-15 14:24:00+00:00,147.0,6.1,4.2
2019-02-15 14:30:00+00:00,153.0,6.0,4.0
2019-02-15 14:36:00+00:00,151.0,5.2,3.3
2019-02-15 14:42:00+00:00,153.0,5.5,4.0
2019-02-15 14:48:00+00:00,152.0,6.1,4.1
2019-02-15 14:54:00+00:00,151.0,7.0,4.8
2019-02-15 15:00:00+00:00,160.0,5.9,4.4
2019-02-15 15:06:00+00:00,158.0,6.4,4.4
2019-02-15 15:12:00+00:00,157.0,7.8,5.0
2019-02-15 15:18:00+00:00,159.0,7.3,4.7
2019-02-15 15:24:00+00:00,159.0,6.4,4.3
2019-02-15 15:30:00+00:00,165.0,8.4,4.6
2019-02-15 15:36:00+00:00,171.0,7.9,5.5
2019-02-15 15:42:00+00:00,168.0,7.7,5.3
2019-02-15 15:48:00+00:00,165.0,7.1,5.0
2019-02-15 15:54:00+00:00,161.0,7.4,5.0
2019-02-15 16:00:00+00:00,157.0,6.7,4.1
2019-02-15 16:06:00+00:00,162.0,6.7,5.1
2019-02-15 16:12:00+00:00,162.0,7.0,4.6
2019-02-15 16:18:00+00:00,157.0,8.3,5.0
2019-02-15 16:24:00+00:00,158.0,7.5,5.2
2019-02-15 16:30:00+00:00,165.0,7.7,5.3
2019-02-15 16:36:00+00:00,162.0,8.9,5.9
2019-02-15 16:42:00+00:00,159.0,9.5,6.2
2019-02-15 16:48:00+00:00,161.0,8.1,5.1
2019-02-15 16:54:00+00:00,156.0,7.8,4.7
2019-02-15 17:00:00+00:00,154.0,8.3,5.1
2019-02-15 17:06:00+00:00,153.0,7.2,4.3
2019-02-15 17:12:00+00:00,151.0,6.8,5.2
2019-02-15 17:18:00+00:00,150.0,8.2,4.8
2019-02-15 17:24:00+00:00,158.0,7.9,5.2
2019-02-15 17:30:00+00:00,155.0,7.3,4.6
2019-02-15 17:36:00+00:00,159.0,6.6,4.4
2019-02-15 17:42:00+00:00,153.0,6.0,3.7
2019-02-15 17:48:00+00:00,165.0,6.1,4.7
2019-02-15 17:54:00+00:00,162.0,8.0,5.7
2019-02-15 18:00:00+00:00,165.0,7.7,5.2
2019-02-15 18:06:00+00:00,159.0,6.4,4.3
2019-02-15 18:12:00+00:00,158.0,6.8,4.2
2019-02-15 18:18:00+00:00,145.0,6.8,5.0
2019-02-15 18:24:00+00:00,154.0,6.2,4.3
2019-02-15 18:30:00+00:00,158.0,7.0,5.1
2019-02-15 18:36:00+00:00,165.0,8.1,4.9
2019-02-15 18:42:00+00:00,166.0,8.0,4.7
2019-02-15 18:48:00+00:00,173.0,7.3,4.8
2019-02-15 18:54:00+00:00,171.0,7.7,5.2
2019-02-15 19:00:00+00:00,164.0,7.7,5.0
2019-02-15 19:06:00+00:00,158.0,7.4,5.3
2019-02-15 19:12:00+00:00,163.0,8.1,5.4
2019-02-15 19:18:00+00:00,173.0,9.2,5.7
2019-02-15 19:24:00+00:00,162.0,8.3,4.8
2019-02-15 19:30:00+00:00,169.0,8.3,5.1
2019-02-15 19:36:00+00:00,167.0,10.3,5.8
2019-02-15 19:42:00+00:00,164.0,7.7,3.6
2019-02-15 19:48:00+00:00,172.0,8.3,5.0
2019-02-15 19:54:00+00:00,173.0,8.7,5.9
2019-02-15 20:00:00+00:00,175.0,9.9,7.1
2019-02-15 20:06:00+00:00,173.0,10.8,6.0
2019-02-15 20:12:00+00:00,177.0,7.9,5.3
2019-02-15 20:18:00+00:00,176.0,7.9,5.3
2019-02-15 20:24:00+00:00,176.0,8.1,5.2
2019-02-15 20:30:00+00:00,177.0,8.7,4.2
2019-02-15 20:36:00+00:00,188.0,7.5,5.3
2019-02-15 20:42:00+00:00,173.0,8.3,5.1
2019-02-15 20:48:00+00:00,173.0,6.4,3.5
2019-02-15 20:54:00+00:00,178.0,7.7,4.1
2019-02-15 21:00:00+00:00,179.0,8.0,5.9
2019-02-15 21:06:00+00:00,182.0,7.4,4.4
2019-02-15 21:12:00+00:00,177.0,8.3,4.9
2019-02-15 21:18:00+00:00,186.0,8.5,4.7
2019-02-15 21:24:00+00:00,191.0,5.4,3.8
2019-02-15 21:30:00+00:00,189.0,5.2,3.5
2019-02-15 21:36:00+00:00,180.0,4.8,3.1
2019-02-15 21:42:00+00:00,179.0,4.9,3.2
2019-02-15 21:48:00+00:00,184.0,4.8,2.4
2019-02-15 21:54:00+00:00,149.0,2.9,2.0
2019-02-15 22:00:00+00:00,163.0,4.3,2.7
2019-02-15 22:06:00+00:00,143.0,3.4,2.3
2019-02-15 22:12:00+00:00,146.0,4.1,2.3
2019-02-15 22:18:00+00:00,149.0,4.1,2.7
2019-02-15 22:24:00+00:00,161.0,3.6,1.7
2019-02-15 22:30:00+00:00,146.0,3.4,2.8
2019-02-15 22:36:00+00:00,132.0,3.8,2.5
2019-02-15 22:42:00+00:00,147.0,3.4,1.9
2019-02-15 22:48:00+00:00,126.0,3.5,2.4
2019-02-15 22:54:00+00:00,123.0,3.1,2.4
2019-02-15 23:00:00+00:00,120.0,3.2,2.1
2019-02-15 23:06:00+00:00,120.0,3.2,1.8
2019-02-15 23:12:00+00:00,125.0,3.3,1.8
2019-02-15 23:18:00+00:00,120.0,3.4,2.6
2019-02-15 23:24:00+00:00,113.0,3.1,2.4
2019-02-15 23:30:00+00:00,113.0,3.5,2.5
2019-02-15 23:36:00+00:00,104.0,3.5,2.7
2019-02-15 23:42:00+00:00,93.0,3.9,2.9
2019-02-15 23:48:00+00:00,92.0,3.6,2.9
2019-02-15 23:54:00+00:00,87.0,3.6,2.6
2019-02-16 00:00:00+00:00,81.0,3.3,2.9
2019-02-16 00:06:00+00:00,85.0,3.4,2.7
2019-02-16 00:12:00+00:00,86.0,4.0,3.4
2019-02-16 00:18:00+00:00,88.0,5.0,3.8
2019-02-16 00:24:00+00:00,92.0,4.6,3.9
2019-02-16 00:30:00+00:00,97.0,4.4,3.6
2019-02-16 00:36:00+00:00,102.0,4.1,3.4
2019-02-16 00:42:00+00:00,107.0,4.0,3.1
2019-02-16 00:48:00+00:00,109.0,4.0,3.1
2019-02-16 00:54:00+00:00,117.0,4.1,3.0
2019-02-16 01:00:00+00:00,129.0,3.4,2.1
2019-02-16 01:06:00+00:00,133.0,3.6,2.7
2019-02-16 01:12:00+00:00,136.0,3.8,2.8
2019-02-16 01:18:00+00:00,149.0,3.5,2.7
2019-02-16 01:24:00+00:00,152.0,4.9,2.7
2019-02-16 01:30:00+00:00,149.0,3.8,2.4
2019-02-16 01:36:00+00:00,145.0,4.1,2.4
2019-02-16 01:42:00+00:00,139.0,3.3,2.5
2019-02-16 01:48:00+00:00,131.0,3.5,3.0
2019-02-16 01:54:00+00:00,127.0,3.6,2.9
2019-02-16 02:00:00+00:00,122.0,3.7,2.8
2019-02-16 02:06:00+00:00,119.0,3.7,2.9
2019-02-16 02:12:00+00:00,131.0,3.1,2.4
2019-02-16 02:18:00+00:00,120.0,3.2,2.9
2019-02-16 02:24:00+00:00,114.0,3.3,2.8
2019-02-16 02:30:00+00:00,108.0,3.3,2.7
2019-02-16 02:36:00+00:00,105.0,3.7,3.3
2019-02-16 02:42:00+00:00,101.0,3.8,2.9
2019-02-16 02:48:00+00:00,96.0,3.7,3.1
2019-02-16 02:54:00+00:00,92.0,4.1,3.3
2019-02-16 03:00:00+00:00,88.0,4.3,3.9
2019-02-16 03:06:00+00:00,92.0,4.8,3.6
2019-02-16 03:12:00+00:00,91.0,4.8,3.7
2019-02-16 03:18:00+00:00,88.0,5.3,4.3
2019-02-16 03:24:00+00:00,86.0,5.2,3.9
2019-02-16 03:30:00+00:00,89.0,5.5,4.6
2019-02-16 03:36:00+00:00,87.0,6.0,4.7
2019-02-16 03:42:00+00:00,87.0,5.7,5.0
2019-02-16 03:48:00+00:00,91.0,5.8,4.5
2019-02-16 03:54:00+00:00,92.0,6.1,4.8
2019-02-16 04:00:00+00:00,92.0,6.2,5.1
2019-02-16 04:06:00+00:00,93.0,6.3,5.1
2019-02-16 04:12:00+00:00,97.0,6.0,4.2
2019-02-16 04:18:00+00:00,95.0,5.6,4.1
2019-02-16 04:24:00+00:00,97.0,5.9,4.7
2019-02-16 04:30:00+00:00,98.0,6.2,5.0
2019-02-16 04:36:00+00:00,99.0,6.3,5.0
2019-02-16 04:42:00+00:00,100.0,6.0,5.2
2019-02-16 04:48:00+00:00,103.0,5.6,4.4
2019-02-16 04:54:00+00:00,101.0,5.1,4.4
2019-02-16 05:00:00+00:00,113.0,4.4,3.4
2019-02-16 05:06:00+00:00,118.0,5.0,3.2
2019-02-16 05:12:00+00:00,116.0,4.6,3.4
2019-02-16 05:18:00+00:00,117.0,4.0,2.7
2019-02-16 05:24:00+00:00,109.0,3.7,2.9
2019-02-16 05:30:00+00:00,109.0,4.1,3.5
2019-02-16 05:36:00+00:00,111.0,4.3,3.6
2019-02-16 05:42:00+00:00,111.0,3.7,3.0
2019-02-16 05:48:00+00:00,113.0,4.0,2.6
2019-02-16 05:54:00+00:00,118.0,3.7,2.9
2019-02-16 06:00:00+00:00,118.0,3.8,2.4
2019-02-16 06:06:00+00:00,108.0,3.8,2.8
2019-02-16 06:12:00+00:00,106.0,3.4,2.6
2019-02-16 06:18:00+00:00,105.0,3.3,2.4
2019-02-16 06:24:00+00:00,102.0,3.4,2.2
2019-02-16 06:30:00+00:00,108.0,3.2,2.6
2019-02-16 06:36:00+00:00,105.0,4.0,3.2
2019-02-16 06:42:00+00:00,109.0,3.8,2.5
2019-02-16 06:48:00+00:00,104.0,4.3,3.6
2019-02-16 06:54:00+00:00,101.0,4.2,3.3
2019-02-16 07:00:00+00:00,105.0,3.9,2.4
2019-02-16 07:06:00+00:00,103.0,3.3,2.3
2019-02-16 07:12:00+00:00,104.0,2.9,2.0
2019-02-16 07:18:00+00:00,95.0,3.7,3.1
2019-02-16 07:24:00+00:00,90.0,3.7,3.0
2019-02-16 07:30:00+00:00,90.0,3.6,3.3
2019-02-16 07:36:00+00:00,95.0,3.5,2.7
2019-02-16 07:42:00+00:00,93.0,3.5,2.9
2019-02-16 07:48:00+00:00,98.0,3.5,3.1
2019-02-16 07:54:00+00:00,98.0,3.7,2.8
2019-02-16 08:00:00+00:00,95.0,3.8,3.0
2019-02-16 08:06:00+00:00,91.0,3.1,2.5
2019-02-16 08:12:00+00:00,87.0,3.6,3.0
2019-02-16 08:18:00+00:00,90.0,3.6,2.9
2019-02-16 08:24:00+00:00,89.0,3.7,3.0
2019-02-16 08:30:00+00:00,90.0,3.9,3.0
2019-02-16 08:36:00+00:00,91.0,3.9,2.7
2019-02-16 08:42:00+00:00,89.0,4.3,3.5
2019-02-16 08:48:00+00:00,93.0,4.4,3.3
2019-02-16 08:54:00+00:00,95.0,4.5,3.4
2019-02-16 09:00:00+00:00,88.0,4.8,4.3
2019-02-16 09:06:00+00:00,89.0,5.0,4.1
2019-02-16 09:12:00+00:00,87.0,4.6,3.9
2019-02-16 09:18:00+00:00,89.0,4.3,3.4
2019-02-16 09:24:00+00:00,93.0,4.0,3.0
2019-02-16 09:30:00+00:00,89.0,3.8,3.3
2019-02-16 09:36:00+00:00,89.0,3.7,3.0
2019-02-16 09:42:00+00:00,85.0,4.2,3.6
2019-02-16 09:48:00+00:00,86.0,4.2,3.7
2019-02-16 09:54:00+00:00,88.0,3.8,2.7
2019-02-16 10:00:00+00:00,86.0,3.7,2.7
2019-02-16 10:06:00+00:00,84.0,3.6,2.4
2019-02-16 10:12:00+00:00,88.0,3.5,3.1
2019-02-16 10:18:00+00:00,92.0,3.2,2.4
2019-02-16 10:24:00+00:00,88.0,3.7,3.3
2019-02-16 10:30:00+00:00,86.0,4.0,3.5
2019-02-16 10:36:00+00:00,87.0,4.4,3.9
2019-02-16 10:42:00+00:00,89.0,4.2,3.6
2019-02-16 10:48:00+00:00,92.0,3.9,3.4
2019-02-16 10:54:00+00:00,88.0,3.8,3.1
2019-02-16 11:00:00+00:00,92.0,3.4,3.0
2019-02-16 11:06:00+00:00,91.0,3.7,2.9
2019-02-16 11:12:00+00:00,87.0,3.7,3.1
2019-02-16 11:18:00+00:00,81.0,4.1,3.4
2019-02-16 11:24:00+00:00,88.0,4.4,3.2
2019-02-16 11:30:00+00:00,86.0,4.3,3.1
2019-02-16 11:36:00+00:00,86.0,4.1,3.1
2019-02-16 11:42:00+00:00,88.0,4.2,3.6
2019-02-16 11:48:00+00:00,87.0,4.3,3.3
2019-02-16 11:54:00+00:00,85.0,4.1,3.2
2019-02-16 12:00:00+00:00,88.0,4.5,4.0
2019-02-16 12:06:00+00:00,94.0,4.1,3.4
2019-02-16 12:12:00+00:00,97.0,3.9,3.4
2019-02-16 12:18:00+00:00,92.0,3.5,2.7
2019-02-16 12:24:00+00:00,120.0,2.8,1.2
2019-02-16 12:30:00+00:00,136.0,1.5,1.2
2019-02-16 12:36:00+00:00,123.0,1.7,1.4
2019-02-16 12:42:00+00:00,113.0,2.0,1.9
2019-02-16 12:48:00+00:00,114.0,1.9,1.5
2019-02-16 12:54:00+00:00,99.0,1.4,1.2
2019-02-16 13:00:00+00:00,89.0,1.5,1.4
2019-02-16 13:06:00+00:00,89.0,1.5,1.3
2019-02-16 13:12:00+00:00,81.0,1.5,1.4
2019-02-16 13:18:00+00:00,78.0,2.2,2.0
2019-02-16 13:24:00+00:00,77.0,2.1,1.7
2019-02-16 13:30:00+00:00,78.0,2.0,1.7
2019-02-16 13:36:00+00:00,73.0,1.9,1.5
2019-02-16 13:42:00+00:00,76.0,2.1,1.9
2019-02-16 13:48:00+00:00,75.0,2.1,1.6
2019-02-16 13:54:00+00:00,77.0,2.4,2.1
2019-02-16 14:00:00+00:00,74.0,2.8,1.9
2019-02-16 14:06:00+00:00,70.0,2.9,2.7
2019-02-16 14:12:00+00:00,70.0,3.2,2.8
2019-02-16 14:18:00+00:00,67.0,3.0,2.8
2019-02-16 14:24:00+00:00,68.0,2.7,2.5
2019-02-16 14:30:00+00:00,78.0,2.6,2.3
2019-02-16 14:36:00+00:00,78.0,2.8,2.0
2019-02-16 14:42:00+00:00,60.0,2.5,2.2
2019-02-16 14:48:00+00:00,55.0,2.5,1.7
2019-02-16 14:54:00+00:00,49.0,1.9,1.7
2019-02-16 15:00:00+00:00,71.0,1.9,1.4
2019-02-16 15:06:00+00:00,66.0,2.1,1.8
2019-02-16 15:12:00+00:00,75.0,1.7,1.2
2019-02-16 15:18:00+00:00,83.0,1.4,1.0
2019-02-16 15:24:00+00:00,307.0,1.5,1.1
2019-02-16 15:30:00+00:00,322.0,2.0,1.4
2019-02-16 15:36:00+00:00,329.0,2.5,2.2
2019-02-16 15:42:00+00:00,325.0,2.7,2.2
2019-02-16 15:48:00+00:00,308.0,3.3,2.7
2019-02-16 15:54:00+00:00,315.0,5.3,3.5
2019-02-16 16:00:00+00:00,340.0,10.7,9.3
2019-02-16 16:06:00+00:00,346.0,10.8,9.4
2019-02-16 16:12:00+00:00,350.0,10.1,8.9
2019-02-16 16:18:00+00:00,352.0,9.7,7.8
2019-02-16 16:24:00+00:00,349.0,8.9,7.3
2019-02-16 16:30:00+00:00,353.0,8.0,6.3
2019-02-16 16:36:00+00:00,6.0,8.0,5.3
2019-02-16 16:42:00+00:00,11.0,6.7,5.3
2019-02-16 16:48:00+00:00,13.0,8.1,6.1
2019-02-16 16:54:00+00:00,15.0,8.2,6.1
2019-02-16 17:00:00+00:00,21.0,7.8,6.6
2019-02-16 17:06:00+00:00,22.0,7.6,5.7
2019-02-16 17:12:00+00:00,25.0,6.1,5.3
2019-02-16 17:18:00+00:00,26.0,5.7,5.0
2019-02-16 17:24:00+00:00,28.0,5.9,4.8
2019-02-16 17:30:00+00:00,32.0,5.9,4.6
2019-02-16 17:36:00+00:00,40.0,5.2,3.7
2019-02-16 17:42:00+00:00,48.0,4.1,2.3
2019-02-16 17:48:00+00:00,37.0,4.8,2.9
2019-02-16 17:54:00+00:00,29.0,4.5,3.4
2019-02-16 18:00:00+00:00,35.0,4.1,2.9
2019-02-16 18:06:00+00:00,27.0,3.9,3.3
2019-02-16 18:12:00+00:00,25.0,3.8,3.0
2019-02-16 18:18:00+00:00,19.0,3.7,2.8
2019-02-16 18:24:00+00:00,20.0,3.5,2.4
2019-02-16 18:30:00+00:00,10.0,3.2,2.2
2019-02-16 18:36:00+00:00,22.0,3.2,2.3
2019-02-16 18:42:00+00:00,18.0,3.0,2.1
2019-02-16 18:48:00+00:00,357.0,2.6,1.9
2019-02-16 18:54:00+00:00,338.0,2.6,2.0
2019-02-16 19:00:00+00:00,326.0,3.7,2.7
2019-02-16 19:06:00+00:00,352.0,3.6,3.0
2019-02-16 19:12:00+00:00,337.0,4.1,3.3
2019-02-16 19:18:00+00:00,326.0,3.7,2.5
2019-02-16 19:24:00+00:00,341.0,3.0,2.2
2019-02-16 19:30:00+00:00,342.0,4.5,3.7
2019-02-16 19:36:00+00:00,352.0,4.2,2.9
2019-02-16 19:42:00+00:00,314.0,3.8,2.5
2019-02-16 19:48:00+00:00,346.0,10.2,5.5
2019-02-16 19:54:00+00:00,339.0,6.2,4.3
2019-02-16 20:00:00+00:00,338.0,4.4,2.6
2019-02-16 20:06:00+00:00,323.0,2.4,0.3
2019-02-16 20:12:00+00:00,312.0,1.8,0.6
2019-02-16 20:18:00+00:00,327.0,2.5,1.7
2019-02-16 20:24:00+00:00,345.0,2.5,1.3
2019-02-16 20:30:00+00:00,351.0,2.2,1.6
2019-02-16 20:36:00+00:00,334.0,1.6,1.1
2019-02-16 20:42:00+00:00,319.0,1.7,1.2
2019-02-16 20:48:00+00:00,311.0,3.5,2.3
2019-02-16 20:54:00+00:00,313.0,16.0,13.1
2019-02-16 21:00:00+00:00,313.0,15.8,11.6
2019-02-16 21:06:00+00:00,319.0,13.6,10.8
2019-02-16 21:12:00+00:00,329.0,12.5,9.4
2019-02-16 21:18:00+00:00,338.0,10.3,6.7
2019-02-16 21:24:00+00:00,345.0,6.7,4.9
2019-02-16 21:30:00+00:00,329.0,5.2,4.4
2019-02-16 21:36:00+00:00,344.0,5.2,3.3
2019-02-16 21:42:00+00:00,342.0,3.6,3.0
2019-02-16 21:48:00+00:00,346.0,3.7,2.8
2019-02-16 21:54:00+00:00,351.0,3.8,2.3
2019-02-16 22:00:00+00:00,349.0,2.9,1.6
2019-02-16 22:06:00+00:00,335.0,2.0,0.7
2019-02-16 22:12:00+00:00,309.0,3.7,2.3
2019-02-16 22:18:00+00:00,324.0,3.6,1.5
2019-02-16 22:24:00+00:00,15.0,2.1,0.3
2019-02-16 22:30:00+00:00,320.0,0.8,0.2
2019-02-16 22:36:00+00:00,241.0,1.2,0.6
2019-02-16 22:42:00+00:00,246.0,0.9,0.0
2019-02-16 22:48:00+00:00,248.0,1.2,0.8
2019-02-16 22:54:00+00:00,247.0,1.2,0.7
2019-02-16 23:00:00+00:00,211.0,1.2,0.8
2019-02-16 23:06:00+00:00,261.0,2.4,2.1
2019-02-16 23:12:00+00:00,238.0,2.4,1.3
2019-02-16 23:18:00+00:00,303.0,11.8,8.1
2019-02-16 23:24:00+00:00,317.0,12.5,11.0
2019-02-16 23:30:00+00:00,317.0,13.3,12.3
2019-02-16 23:36:00+00:00,342.0,14.5,12.4
2019-02-16 23:42:00+00:00,348.0,13.8,11.1
2019-02-16 23:48:00+00:00,344.0,11.4,9.8
2019-02-16 23:54:00+00:00,354.0,9.8,7.4
2019-02-17 00:00:00+00:00,6.0,7.0,4.7
2019-02-17 00:06:00+00:00,1.0,4.7,3.8
2019-02-17 00:12:00+00:00,358.0,4.0,3.2
2019-02-17 00:18:00+00:00,348.0,3.8,3.4
2019-02-17 00:24:00+00:00,350.0,4.5,3.7
2019-02-17 00:30:00+00:00,351.0,3.9,3.3
2019-02-17 00:36:00+00:00,331.0,3.9,3.1
2019-02-17 00:42:00+00:00,313.0,5.9,5.1
2019-02-17 00:48:00+00:00,310.0,6.3,5.1
2019-02-17 00:54:00+00:00,311.0,10.6,9.1
2019-02-17 01:00:00+00:00,315.0,11.4,7.8
2019-02-17 01:06:00+00:00,307.0,9.7,7.9
2019-02-17 01:12:00+00:00,303.0,9.4,7.7
2019-02-17 01:18:00+00:00,314.0,8.6,6.3
2019-02-17 01:24:00+00:00,319.0,6.4,5.7
2019-02-17 01:30:00+00:00,332.0,6.3,4.7
2019-02-17 01:36:00+00:00,4.0,5.4,4.1
2019-02-17 01:42:00+00:00,22.0,4.0,2.5
2019-02-17 01:48:00+00:00,32.0,2.7,2.2
2019-02-17 01:54:00+00:00,35.0,2.5,1.7
2019-02-17 02:00:00+00:00,31.0,1.8,1.2
2019-02-17 02:06:00+00:00,19.0,1.7,1.0
2019-02-17 02:12:00+00:00,14.0,1.4,0.6
2019-02-17 02:18:00+00:00,3.0,0.8,0.0
2019-02-17 02:24:00+00:00,3.0,0.4,0.2
2019-02-17 02:30:00+00:00,157.0,0.9,0.8
2019-02-17 02:36:00+00:00,152.0,2.0,1.6
2019-02-17 02:42:00+00:00,150.0,2.3,2.1
2019-02-17 02:48:00+00:00,151.0,2.3,2.1
2019-02-17 02:54:00+00:00,155.0,2.5,2.3
2019-02-17 03:00:00+00:00,156.0,3.5,3.1
2019-02-17 03:06:00+00:00,158.0,3.4,3.1
2019-02-17 03:12:00+00:00,161.0,3.8,3.2
2019-02-17 03:18:00+00:00,158.0,3.9,3.1
2019-02-17 03:24:00+00:00,190.0,3.3,2.0
2019-02-17 03:30:00+00:00,295.0,8.5,4.3
2019-02-17 03:36:00+00:00,303.0,8.8,8.0
2019-02-17 03:42:00+00:00,307.0,8.4,7.5
2019-02-17 03:48:00+00:00,300.0,7.9,7.2
2019-02-17 03:54:00+00:00,300.0,9.0,8.0
2019-02-17 04:00:00+00:00,305.0,8.2,7.5
2019-02-17 04:06:00+00:00,296.0,10.0,7.4
2019-02-17 04:12:00+00:00,299.0,8.8,7.8
2019-02-17 04:18:00+00:00,307.0,8.3,7.2
2019-02-17 04:24:00+00:00,301.0,8.5,7.1
2019-02-17 04:30:00+00:00,297.0,7.8,6.9
2019-02-17 04:36:00+00:00,295.0,6.8,5.0
2019-02-17 04:42:00+00:00,295.0,7.1,6.0
2019-02-17 04:48:00+00:00,295.0,7.5,6.4
2019-02-17 04:54:00+00:00,291.0,8.0,5.7
2019-02-17 05:00:00+00:00,286.0,7.5,6.8
2019-02-17 05:06:00+00:00,287.0,7.4,6.0
2019-02-17 05:12:00+00:00,288.0,7.0,5.5
2019-02-17 05:18:00+00:00,286.0,6.3,4.8
2019-02-17 05:24:00+00:00,284.0,6.5,5.6
2019-02-17 05:30:00+00:00,281.0,6.5,5.3
2019-02-17 05:36:00+00:00,281.0,6.6,5.0
2019-02-17 05:42:00+00:00,276.0,6.2,5.6
2019-02-17 05:48:00+00:00,271.0,6.3,5.5
2019-02-17 05:54:00+00:00,274.0,6.1,5.3
2019-02-17 06:00:00+00:00,279.0,5.7,4.8
2019-02-17 06:06:00+00:00,275.0,5.8,4.7
2019-02-17 06:12:00+00:00,270.0,4.8,3.9
2019-02-17 06:18:00+00:00,263.0,4.7,3.8
2019-02-17 06:24:00+00:00,249.0,3.8,2.8
2019-02-17 06:30:00+00:00,242.0,4.1,2.9
2019-02-17 06:36:00+00:00,253.0,5.2,3.5
2019-02-17 06:42:00+00:00,275.0,5.2,2.3
2019-02-17 06:48:00+00:00,276.0,3.8,2.7
2019-02-17 06:54:00+00:00,321.0,5.2,4.6
2019-02-17 07:00:00+00:00,327.0,5.1,3.7
2019-02-17 07:06:00+00:00,308.0,5.1,4.2
2019-02-17 07:12:00+00:00,297.0,4.7,3.3
2019-02-17 07:18:00+00:00,294.0,4.3,3.5
2019-02-17 07:24:00+00:00,296.0,3.5,2.2
2019-02-17 07:30:00+00:00,281.0,2.6,1.7
2019-02-17 07:36:00+00:00,243.0,2.3,1.4
2019-02-17 07:42:00+00:00,167.0,2.0,1.3
2019-02-17 07:48:00+00:00,148.0,2.7,2.3
2019-02-17 07:54:00+00:00,155.0,3.6,2.8
2019-02-17 08:00:00+00:00,162.0,3.7,2.5
2019-02-17 08:06:00+00:00,158.0,3.7,3.2
2019-02-17 08:12:00+00:00,165.0,3.8,3.1
2019-02-17 08:18:00+00:00,159.0,4.0,3.4
2019-02-17 08:24:00+00:00,156.0,4.6,3.3
2019-02-17 08:30:00+00:00,156.0,4.6,3.4
2019-02-17 08:36:00+00:00,155.0,4.2,3.1
2019-02-17 08:42:00+00:00,154.0,4.0,3.0
2019-02-17 08:48:00+00:00,153.0,4.4,3.2
2019-02-17 08:54:00+00:00,149.0,3.9,2.7
2019-02-17 09:00:00+00:00,149.0,3.9,3.0
2019-02-17 09:06:00+00:00,147.0,3.7,2.8
2019-02-17 09:12:00+00:00,144.0,5.1,3.9
2019-02-17 09:18:00+00:00,147.0,6.0,3.8
2019-02-17 09:24:00+00:00,145.0,5.2,3.9
2019-02-17 09:30:00+00:00,139.0,5.8,4.4
2019-02-17 09:36:00+00:00,138.0,5.2,3.9
2019-02-17 09:42:00+00:00,138.0,5.2,3.9
2019-02-17 09:48:00+00:00,140.0,4.9,3.8
2019-02-17 09:54:00+00:00,145.0,5.2,4.1
2019-02-17 10:00:00+00:00,144.0,4.7,3.3
2019-02-17 10:06:00+00:00,133.0,4.8,3.9
2019-02-17 10:12:00+00:00,126.0,5.1,4.3
2019-02-17 10:18:00+00:00,117.0,5.2,3.7
2019-02-17 10:24:00+00:00,113.0,5.0,4.3
2019-02-17 10:30:00+00:00,127.0,5.2,3.9
2019-02-17 10:36:00+00:00,135.0,5.4,4.2
2019-02-17 10:42:00+00:00,133.0,4.8,3.8
2019-02-17 10:48:00+00:00,122.0,4.9,3.8
2019-02-17 10:54:00+00:00,113.0,4.9,4.2
2019-02-17 11:00:00+00:00,123.0,4.4,3.6
2019-02-17 11:06:00+00:00,126.0,4.1,3.5
2019-02-17 11:12:00+00:00,116.0,4.2,3.4
2019-02-17 11:18:00+00:00,117.0,4.1,3.5
2019-02-17 11:24:00+00:00,106.0,4.5,4.1
2019-02-17 11:30:00+00:00,101.0,5.5,4.7
2019-02-17 11:36:00+00:00,102.0,4.8,3.8
2019-02-17 11:42:00+00:00,106.0,4.9,4.2
2019-02-17 11:48:00+00:00,110.0,4.9,4.0
2019-02-17 11:54:00+00:00,115.0,4.5,3.3
2019-02-17 12:00:00+00:00,113.0,3.8,3.3
2019-02-17 12:06:00+00:00,115.0,4.9,4.3
2019-02-17 12:12:00+00:00,114.0,5.1,4.4
2019-02-17 12:18:00+00:00,121.0,5.6,4.6
2019-02-17 12:24:00+00:00,118.0,5.1,4.2
2019-02-17 12:30:00+00:00,114.0,5.1,4.2
2019-02-17 12:36:00+00:00,115.0,5.1,4.3
2019-02-17 12:42:00+00:00,113.0,5.1,4.1
2019-02-17 12:48:00+00:00,124.0,4.8,4.0
2019-02-17 12:54:00+00:00,139.0,4.2,3.3
2019-02-17 13:00:00+00:00,115.0,4.1,3.3
2019-02-17 13:06:00+00:00,104.0,5.3,4.7
2019-02-17 13:12:00+00:00,126.0,4.7,3.6
2019-02-17 13:18:00+00:00,125.0,4.5,3.1
2019-02-17 13:24:00+00:00,103.0,5.2,4.7
2019-02-17 13:30:00+00:00,102.0,5.4,4.9
2019-02-17 13:36:00+00:00,106.0,5.3,4.6
2019-02-17 13:42:00+00:00,102.0,4.7,4.3
2019-02-17 13:48:00+00:00,94.0,5.5,5.0
2019-02-17 13:54:00+00:00,98.0,5.7,5.0
2019-02-17 14:00:00+00:00,99.0,5.4,5.1
2019-02-17 14:06:00+00:00,103.0,5.8,5.1
2019-02-17 14:12:00+00:00,108.0,5.4,4.7
2019-02-17 14:18:00+00:00,108.0,5.5,4.9
2019-02-17 14:24:00+00:00,103.0,5.5,4.9
2019-02-17 14:30:00+00:00,101.0,5.7,5.0
2019-02-17 14:36:00+00:00,103.0,5.1,4.4
2019-02-17 14:42:00+00:00,101.0,5.3,4.7
2019-02-17 14:48:00+00:00,97.0,5.7,4.6
